id,first name,last name,email,gender,ip address
1,Claudian,Quarterman,cquarterman0@oaic.gov.au,Male,213.234.106.148
2,Christen,Batten,cbatten1@newsvine.com,Female,5.56.211.153
3,Madelaine,Weavers,mweavers2@answers.com,Female,61.30.16.216
4,Montague,Menego,mmenego3@google.com.au,Male,221.159.132.154
5,Maurits,Matsell,mmatsell4@businessweek.com,Male,93.5.81.108
6,Wilden,Chitty,wchitty5@ihg.com,Male,16.182.40.96
7,Harwell,Vaneschi,hvaneschi6@ihg.com,Male,127.154.250.167
8,Jessamyn,Goublier,jgoublier7@clickbank.net,Female,93.162.211.60
9,Jasen,Tytterton,jtytterton8@utexas.edu,Male,229.158.201.173
10,Gwyn,Volcker,gvolcker9@mysql.com,Polygender,60.120.93.157
11,Madelyn,Cobbing,mcobbinga@theglobeandmail.com,Female,191.201.232.109
12,Tiffany,Marland,tmarlandb@blogspot.com,Female,227.80.76.126
13,Ive,Penberthy,ipenberthyc@msu.edu,Male,29.144.65.240
14,Elset,Jarad,ejaradd@princeton.edu,Female,170.254.175.145
15,Carmon,Grimstead,cgrimsteade@nih.gov,Female,6.233.16.84
16,Torrin,Hogben,thogbenf@foxnews.com,Male,174.22.177.145
17,Diarmid,Kennagh,dkennaghg@gnu.org,Male,190.137.93.0
18,Claudianus,Albasini,calbasinih@mit.edu,Male,185.248.136.105
19,Tadd,Lappin,tlappini@unesco.org,Male,144.91.0.141
20,Jilly,Oaker,joakerj@oaic.gov.au,Female,71.3.72.165
21,Orelia,Castiglio,ocastigliok@cmu.edu,Female,16.252.174.177
22,Keefe,Cordon,kcordonl@alexa.com,Male,202.8.139.7
23,Melisenda,Cuardall,mcuardallm@google.ru,Female,170.193.226.57
24,Evan,O' Hanvey,eohanveyn@hc360.com,Male,141.109.57.1
25,Ronny,Hinstridge,rhinstridgeo@xrea.com,Male,255.56.70.111
26,Shae,Winger,swingerp@sina.com.cn,Male,192.103.113.170
27,Alaric,Milnes,amilnesq@creativecommons.org,Male,24.171.107.193
28,Jerry,Guerra,jguerrar@amazon.com,Bigender,184.132.128.19
29,Marlow,Gotts,mgottss@blinklist.com,Male,173.184.72.0
30,Vina,Ducker,vduckert@cdbaby.com,Female,139.9.136.123
31,Natividad,Korb,nkorbu@phpbb.com,Female,49.141.173.64
32,Maye,Silmon,msilmonv@mozilla.com,Female,120.175.104.228
33,Vincenty,Eilhertsen,veilhertsenw@ibm.com,Male,109.197.114.133
34,Marchelle,Terzza,mterzzax@ebay.com,Female,210.169.212.222
35,Gisella,Fowles,gfowlesy@creativecommons.org,Female,233.86.23.6
36,Kelli,Loft,kloftz@eepurl.com,Female,68.98.91.248
37,Devonne,Barkway,dbarkway10@cdc.gov,Genderqueer,0.254.85.154
38,Quintus,Tunniclisse,qtunniclisse11@cornell.edu,Male,112.37.34.121
39,Mathias,Shirtcliffe,mshirtcliffe12@is.gd,Male,80.254.45.231
40,Felisha,Bodicam,fbodicam13@ocn.ne.jp,Female,16.10.132.84
41,Trudie,Jollie,tjollie14@nature.com,Female,124.115.155.83
42,Maridel,Parish,mparish15@yolasite.com,Female,236.158.107.132
43,Chevalier,Yeld,cyeld16@bing.com,Male,90.218.124.240
44,Elisa,Rabley,erabley17@yellowbook.com,Female,119.169.99.103
45,Lavina,Blanchflower,lblanchflower18@theguardian.com,Female,191.51.143.0
46,Myrwyn,Adanez,madanez19@discuz.net,Male,229.135.118.64
47,Jude,Sumshon,jsumshon1a@gov.uk,Male,33.125.80.240
48,Christos,Simner,csimner1b@dion.ne.jp,Genderfluid,243.243.21.162
49,Simon,Dasent,sdasent1c@wisc.edu,Male,34.64.111.22
50,Newton,Dominici,ndominici1d@businessinsider.com,Male,238.49.160.80
51,Lay,Goodliff,lgoodliff1e@reuters.com,Male,247.52.212.30
52,Josefa,Shalcras,jshalcras1f@wikimedia.org,Female,190.14.197.15
53,Grace,Rispin,grispin1g@pen.io,Female,254.89.21.203
54,Amber,Hearmon,ahearmon1h@woothemes.com,Female,146.96.197.218
55,Mollie,Cassidy,mcassidy1i@quantcast.com,Female,211.49.191.222
56,Willi,Yetts,wyetts1j@cam.ac.uk,Male,236.61.148.227
57,Peta,Wingeatt,pwingeatt1k@wix.com,Female,237.25.112.185
58,Lenci,Hamlen,lhamlen1l@pinterest.com,Male,215.76.150.81
59,Danya,Stowe,dstowe1m@people.com.cn,Agender,24.180.158.12
60,Germain,Faux,gfaux1n@google.com.au,Male,23.236.185.175
61,Kori,Piechnik,kpiechnik1o@weibo.com,Female,208.131.80.223
62,Karlan,Godlee,kgodlee1p@desdev.cn,Male,90.118.250.109
63,Dino,Witz,dwitz1q@trellian.com,Male,34.76.75.4
64,Mortimer,Abell,mabell1r@google.co.jp,Male,22.126.185.225
65,Rosabelle,Calrow,rcalrow1s@time.com,Female,137.216.155.213
66,Eleonore,Matejka,ematejka1t@godaddy.com,Female,42.208.227.19
67,Raul,Alibone,ralibone1u@jugem.jp,Male,37.150.33.147
68,Doralynne,Haszard,dhaszard1v@technorati.com,Female,82.157.157.142
69,Ewen,Woods,ewoods1w@bloglovin.com,Male,57.70.225.74
70,Con,Scrimshaw,cscrimshaw1x@xing.com,Female,133.170.208.74
71,Darryl,Rozet,drozet1y@booking.com,Male,165.171.214.114
72,Whitaker,Millership,wmillership1z@indiegogo.com,Male,233.16.45.142
73,Sada,Percival,spercival20@intel.com,Genderqueer,199.219.148.207
74,Carey,Wadmore,cwadmore21@cmu.edu,Male,85.210.78.115
75,Nata,Chomicki,nchomicki22@cnn.com,Female,41.29.105.10
76,Zechariah,Livezey,zlivezey23@reverbnation.com,Male,54.198.160.67
77,Olag,Aindrais,oaindrais24@reverbnation.com,Polygender,1.204.13.0
78,Mauricio,Dunnion,mdunnion25@ocn.ne.jp,Male,15.17.201.108
79,Stanton,Beumant,sbeumant26@drupal.org,Male,29.91.140.56
80,Buiron,Goodanew,bgoodanew27@instagram.com,Male,27.130.227.178
81,Ezequiel,Jewiss,ejewiss28@lycos.com,Male,16.18.135.134
82,Tarrah,Seeviour,tseeviour29@miibeian.gov.cn,Female,103.228.167.56
83,Alvin,Dutteridge,adutteridge2a@wired.com,Male,27.29.226.233
84,Drugi,O'Shields,doshields2b@archive.org,Male,165.35.246.226
85,Aube,Gainforth,againforth2c@tinyurl.com,Male,186.177.241.79
86,Daniella,Prott,dprott2d@angelfire.com,Female,88.61.1.117
87,Starlin,O'Donegan,sodonegan2e@wsj.com,Female,184.187.73.80
88,Noland,Coulson,ncoulson2f@netlog.com,Male,181.224.63.104
89,Mellicent,Cordell,mcordell2g@nsw.gov.au,Female,230.44.25.110
90,Cheslie,Brizell,cbrizell2h@aboutads.info,Female,183.38.157.101
91,Franz,Bewfield,fbewfield2i@canalblog.com,Male,166.3.142.136
92,Jules,Eardley,jeardley2j@mysql.com,Male,69.132.205.225
93,Reagan,Tschierse,rtschierse2k@icio.us,Male,249.195.138.146
94,Alisha,Staley,astaley2l@youtube.com,Female,127.2.214.93
95,Ethelyn,Duchateau,educhateau2m@mail.ru,Female,157.163.104.206
96,Brion,Mustoo,bmustoo2n@unc.edu,Male,158.139.5.53
97,Samuele,Lympany,slympany2o@php.net,Male,60.82.73.85
98,Randall,Proger,rproger2p@soundcloud.com,Male,112.60.57.72
99,Jamal,Egiloff,jegiloff2q@msu.edu,Male,206.28.1.159
100,Aland,Kiloh,akiloh2r@barnesandnoble.com,Polygender,0.223.92.78
101,Clyde,Phelips,cphelips2s@cdc.gov,Male,164.141.190.23
102,Randa,Grain,rgrain2t@apache.org,Female,3.33.50.22
103,Hollie,Diglin,hdiglin2u@yahoo.com,Female,6.178.236.148
104,Dari,Habberjam,dhabberjam2v@skyrock.com,Non-binary,118.188.173.229
105,Massimo,Jarrold,mjarrold2w@hc360.com,Male,75.184.58.26
106,Casey,Disbrey,cdisbrey2x@dailymotion.com,Female,130.224.161.106
107,Claudianus,Cockson,ccockson2y@t.co,Male,69.85.74.175
108,Tiebout,Bromilow,tbromilow2z@1und1.de,Male,95.244.133.49
109,Irv,Janew,ijanew30@ucoz.com,Male,236.107.238.48
110,Jessica,Stapylton,jstapylton31@moonfruit.com,Female,63.34.55.141
111,Artemus,Cubbon,acubbon32@csmonitor.com,Non-binary,240.234.147.189
112,Kiel,Wotton,kwotton33@purevolume.com,Male,117.229.174.241
113,Berte,Dairton,bdairton34@princeton.edu,Female,141.248.110.216
114,Lief,Clapston,lclapston35@bbc.co.uk,Male,89.77.118.95
115,Batholomew,Clackson,bclackson36@salon.com,Male,151.57.144.38
116,Yul,Talby,ytalby37@ning.com,Male,66.174.167.54
117,Terrye,Collar,tcollar38@upenn.edu,Female,199.92.222.36
118,Flin,Geelan,fgeelan39@marketwatch.com,Male,154.7.203.53
119,Ricky,Peacock,rpeacock3a@photobucket.com,Male,31.68.228.249
120,Hugh,Buard,hbuard3b@salon.com,Male,198.48.88.195
121,Martyn,McKeggie,mmckeggie3c@webeden.co.uk,Agender,150.252.49.15
122,Toddy,Crippin,tcrippin3d@histats.com,Male,176.227.143.96
123,Kat,Hehl,khehl3e@ucsd.edu,Female,8.146.15.193
124,Caren,Burnyeat,cburnyeat3f@nhs.uk,Bigender,190.216.111.186
125,Nancie,Dunbabin,ndunbabin3g@netvibes.com,Female,241.215.103.94
126,Tomas,Poinsett,tpoinsett3h@adobe.com,Male,92.37.163.186
127,Elvyn,De Bell,edebell3i@reddit.com,Male,28.22.180.100
128,Dru,Commucci,dcommucci3j@shareasale.com,Male,248.243.146.79
129,Julita,Bothwell,jbothwell3k@independent.co.uk,Female,32.170.30.145
130,Leisha,Szymczyk,lszymczyk3l@cargocollective.com,Female,185.109.15.14
131,Mariellen,Brantzen,mbrantzen3m@arstechnica.com,Female,139.174.119.75
132,Clementine,Rowsell,crowsell3n@usa.gov,Agender,123.110.244.25
133,Jeromy,Ryley,jryley3o@nydailynews.com,Male,203.135.41.250
134,Cleopatra,Looker,clooker3p@google.pl,Female,197.33.226.194
135,Shaughn,Barthod,sbarthod3q@paypal.com,Male,66.114.222.199
136,Glenden,Trowl,gtrowl3r@cdc.gov,Male,209.233.224.62
137,Norine,Tulloch,ntulloch3s@eepurl.com,Female,102.173.106.202
138,Meris,Hugli,mhugli3t@sitemeter.com,Female,198.221.198.217
139,Arleyne,Bedminster,abedminster3u@cnbc.com,Female,67.180.80.142
140,Prinz,Kunze,pkunze3v@washington.edu,Male,158.6.188.98
141,Gustie,Trudgeon,gtrudgeon3w@example.com,Female,58.59.80.68
142,Shawna,Gladeche,sgladeche3x@stumbleupon.com,Agender,58.62.14.118
143,Danielle,Law,dlaw3y@unesco.org,Female,132.90.154.212
144,Winnah,Mulvagh,wmulvagh3z@usnews.com,Genderfluid,76.66.225.221
145,Jerrylee,Simison,jsimison40@latimes.com,Female,224.31.170.102
146,Jemie,McMonies,jmcmonies41@hugedomains.com,Female,126.234.137.225
147,Lee,Adamovsky,ladamovsky42@quantcast.com,Male,79.108.35.59
148,Kordula,Blamphin,kblamphin43@liveinternet.ru,Female,252.113.243.22
149,Jeramie,Oulner,joulner44@yahoo.co.jp,Male,181.56.235.255
150,Orella,Bewsy,obewsy45@vkontakte.ru,Female,218.54.216.149
151,Susann,Aslie,saslie46@pen.io,Female,189.161.97.69
152,Marina,Olner,molner47@auda.org.au,Female,6.43.1.119
153,Kipp,Wrettum,kwrettum48@china.com.cn,Male,78.186.183.146
154,Carlina,Durtnall,cdurtnall49@illinois.edu,Female,244.92.80.60
155,Morgan,Hullot,mhullot4a@techcrunch.com,Male,184.254.181.137
156,Leonore,Warry,lwarry4b@exblog.jp,Female,14.200.57.77
157,Adore,Curgenven,acurgenven4c@sohu.com,Female,20.183.54.219
158,Terrell,Ilyenko,tilyenko4d@thetimes.co.uk,Male,120.239.103.168
159,Clementine,Cromer,ccromer4e@naver.com,Female,38.126.17.119
160,Rebbecca,Stennet,rstennet4f@technorati.com,Female,195.208.244.103
161,Briano,Hankinson,bhankinson4g@youku.com,Male,227.179.149.99
162,Eugenio,Macewan,emacewan4h@trellian.com,Male,227.217.242.159
163,Lockwood,Ison,lison4i@china.com.cn,Male,50.53.61.199
164,Alister,Lowndes,alowndes4j@youku.com,Male,28.237.250.118
165,Hailee,Tuppeny,htuppeny4k@jalbum.net,Female,155.56.162.103
166,Kailey,Benedidick,kbenedidick4l@creativecommons.org,Female,213.63.205.11
167,Ernestus,Klehyn,eklehyn4m@spotify.com,Male,211.109.108.50
168,Sonny,Spencook,sspencook4n@forbes.com,Agender,68.73.239.233
169,Nickolai,Boman,nboman4o@umn.edu,Male,119.148.222.45
170,Ralina,Coleby,rcoleby4p@fastcompany.com,Female,165.14.190.116
171,Margaret,Shieber,mshieber4q@github.io,Female,182.109.39.27
172,Toni,Scyone,tscyone4r@lulu.com,Female,217.37.85.223
173,Hanan,Coxhell,hcoxhell4s@msu.edu,Male,255.133.85.251
174,Salomone,MacKnockiter,smacknockiter4t@adobe.com,Male,159.78.149.19
175,Rafaelita,O'Carmody,rocarmody4u@cam.ac.uk,Female,252.149.63.205
176,Dorelia,Beckensall,dbeckensall4v@webmd.com,Female,85.148.123.169
177,Eada,Retallick,eretallick4w@example.com,Female,202.200.130.84
178,Waylen,Yegorovnin,wyegorovnin4x@twitter.com,Male,200.2.144.12
179,Morgan,Keppe,mkeppe4y@mapy.cz,Female,161.201.209.95
180,Harmon,Cawdell,hcawdell4z@phpbb.com,Male,158.78.90.8
181,Winfield,Cherrington,wcherrington50@technorati.com,Male,201.40.102.234
182,Gavin,Mc Coughan,gmccoughan51@e-recht24.de,Male,251.22.120.106
183,Kelvin,Upham,kupham52@alibaba.com,Male,203.137.149.174
184,Billy,Sporgeon,bsporgeon53@qq.com,Male,112.63.22.54
185,Benedetto,Halversen,bhalversen54@sciencedaily.com,Male,152.82.30.109
186,Shellysheldon,Braz,sbraz55@oakley.com,Agender,130.76.126.99
187,Simeon,Rattenberie,srattenberie56@ustream.tv,Non-binary,21.233.234.71
188,Vaclav,Tonsley,vtonsley57@bloglovin.com,Male,89.95.64.43
189,Emmaline,Gaywood,egaywood58@omniture.com,Female,96.203.241.129
190,Sylvester,Omond,somond59@ucoz.com,Male,96.244.205.211
191,Traver,Lyngsted,tlyngsted5a@nasa.gov,Male,59.241.168.204
192,Inger,Ratnege,iratnege5b@bigcartel.com,Bigender,122.72.103.221
193,Claybourne,Dable,cdable5c@weebly.com,Polygender,34.231.237.100
194,Joellyn,Byllam,jbyllam5d@youtu.be,Female,58.36.13.170
195,Von,Breslau,vbreslau5e@angelfire.com,Male,95.217.38.255
196,Jemmy,Monier,jmonier5f@admin.ch,Female,225.84.117.6
197,Vernon,Spring,vspring5g@vk.com,Male,11.240.172.99
198,Jinny,Barbie,jbarbie5h@ehow.com,Female,20.216.222.186
199,Angelina,MacShane,amacshane5i@nature.com,Female,207.92.113.31
200,Zondra,Edmunds,zedmunds5j@washingtonpost.com,Female,3.242.41.229
201,Anabel,Giacobbo,agiacobbo5k@mtv.com,Female,19.81.175.129
202,Theressa,Craik,tcraik5l@slideshare.net,Female,116.31.200.174
203,Trudi,Bullimore,tbullimore5m@mlb.com,Female,125.98.154.51
204,Devlen,Buxsy,dbuxsy5n@ibm.com,Male,95.61.163.92
205,Cam,Tenny,ctenny5o@discuz.net,Genderfluid,94.22.218.183
206,Arnie,Purple,apurple5p@bbc.co.uk,Male,54.243.187.5
207,Tabbitha,Churching,tchurching5q@mediafire.com,Female,50.131.147.96
208,Margalo,Korb,mkorb5r@mozilla.com,Female,7.43.12.168
209,Royall,Rountree,rrountree5s@goodreads.com,Male,165.91.233.27
210,Corey,Bolzen,cbolzen5t@myspace.com,Male,54.27.116.154
211,Veronike,Pegden,vpegden5u@shinystat.com,Non-binary,69.20.10.39
212,Eudora,Yallowley,eyallowley5v@ft.com,Female,25.79.132.181
213,Verna,McPhillips,vmcphillips5w@plala.or.jp,Female,174.152.49.202
214,Mack,Bouette,mbouette5x@comsenz.com,Polygender,129.255.146.89
215,Estel,Callear,ecallear5y@nsw.gov.au,Female,6.185.102.57
216,Niall,Ohrt,nohrt5z@hibu.com,Male,228.168.226.179
217,Ninnetta,Bozier,nbozier60@devhub.com,Female,55.47.138.96
218,Godard,Vasilyonok,gvasilyonok61@prnewswire.com,Male,64.112.70.132
219,Carmelia,Jaouen,cjaouen62@narod.ru,Female,169.164.207.164
220,Angelico,Greatrakes,agreatrakes63@skyrock.com,Male,42.100.225.225
221,Isabel,McCurry,imccurry64@foxnews.com,Female,3.29.1.47
222,Riobard,Le Ball,rleball65@last.fm,Male,152.194.62.87
223,Rudie,Duham,rduham66@booking.com,Male,152.106.225.125
224,Fairleigh,Shervil,fshervil67@google.ca,Male,220.18.59.212
225,Tommy,Lamerton,tlamerton68@europa.eu,Female,158.15.22.249
226,Essy,Kobierski,ekobierski69@over-blog.com,Female,56.215.152.126
227,Dwight,Ochterlony,dochterlony6a@163.com,Male,190.24.74.198
228,Ashlan,Gannicleff,agannicleff6b@nature.com,Female,2.198.80.70
229,Dulcia,McNutt,dmcnutt6c@dell.com,Agender,169.188.80.77
230,Gustavus,McChesney,gmcchesney6d@slate.com,Male,243.223.183.210
231,Lois,Yaldren,lyaldren6e@seesaa.net,Female,110.146.189.21
232,Rickie,Brothers,rbrothers6f@delicious.com,Non-binary,126.117.161.203
233,Marthe,Jamme,mjamme6g@bluehost.com,Polygender,207.36.222.35
234,Paulie,Sevitt,psevitt6h@hugedomains.com,Female,173.255.118.225
235,Dehlia,Sondland,dsondland6i@home.pl,Female,248.58.72.45
236,Jeth,Holburn,jholburn6j@live.com,Male,171.67.69.78
237,Tomi,Viant,tviant6k@stanford.edu,Female,68.202.202.190
238,Karen,Cringle,kcringle6l@google.cn,Female,78.38.244.130
239,Cori,Berth,cberth6m@storify.com,Genderfluid,237.151.23.234
240,Sigfrid,Belison,sbelison6n@tmall.com,Male,78.7.226.216
241,Sandor,Titterington,stitterington6o@time.com,Male,131.31.246.84
242,Heda,Ivanenko,hivanenko6p@pen.io,Female,78.119.132.226
243,Mill,Jozsef,mjozsef6q@wix.com,Male,162.157.149.189
244,Jany,Dinwoodie,jdinwoodie6r@unesco.org,Female,103.230.247.40
245,Beth,Geroldi,bgeroldi6s@wp.com,Female,103.195.208.19
246,Pete,Deboo,pdeboo6t@admin.ch,Male,227.34.253.88
247,Elyssa,Jull,ejull6u@homestead.com,Female,62.122.235.219
248,Maryanne,Qusklay,mqusklay6v@mac.com,Female,82.218.109.232
249,Allyn,Comben,acomben6w@gnu.org,Female,84.202.252.237
250,Ashien,Steers,asteers6x@irs.gov,Female,44.179.118.202
251,Noelyn,Harrhy,nharrhy6y@google.ca,Genderqueer,84.76.65.22
252,Benjie,Khadir,bkhadir6z@npr.org,Male,97.144.237.36
253,Edin,Vallack,evallack70@liveinternet.ru,Female,143.219.238.86
254,Flossy,Doghartie,fdoghartie71@opera.com,Female,152.88.65.255
255,Tab,Alaway,talaway72@addthis.com,Male,222.64.115.102
256,Reube,Knowlys,rknowlys73@patch.com,Male,14.15.137.194
257,Isador,Meddick,imeddick74@archive.org,Agender,67.224.56.148
258,Augustine,Holttom,aholttom75@mayoclinic.com,Male,101.25.16.30
259,Kendrick,Sanderson,ksanderson76@sciencedirect.com,Male,33.216.42.55
260,Reggie,Behn,rbehn77@webs.com,Male,190.178.68.10
261,Devin,Mapp,dmapp78@shareasale.com,Male,105.43.47.78
262,Zara,Dmtrovic,zdmtrovic79@java.com,Female,69.113.102.243
263,Alix,Cassella,acassella7a@artisteer.com,Male,99.114.96.187
264,Bari,Lokier,blokier7b@miibeian.gov.cn,Female,251.80.163.247
265,Skippie,Maskill,smaskill7c@chronoengine.com,Male,158.134.20.142
266,Bordy,Epelett,bepelett7d@bloomberg.com,Male,175.49.209.29
267,Zebulon,MacInerney,zmacinerney7e@vinaora.com,Male,78.241.26.143
268,Darci,De La Salle,ddelasalle7f@disqus.com,Female,240.83.152.239
269,Germayne,Colvine,gcolvine7g@exblog.jp,Male,40.72.125.161
270,Maury,Cattroll,mcattroll7h@devhub.com,Male,164.167.246.193
271,Malissa,Chicotti,mchicotti7i@icio.us,Female,236.126.186.186
272,Kerwinn,Skuce,kskuce7j@ycombinator.com,Genderfluid,55.55.132.53
273,Auroora,Dickens,adickens7k@umn.edu,Female,86.113.154.31
274,Mikkel,Schuck,mschuck7l@state.gov,Male,149.58.156.119
275,Maribelle,Boij,mboij7m@cbslocal.com,Female,172.110.59.214
276,Maurizia,Launder,mlaunder7n@goo.gl,Female,253.74.113.102
277,Jeanie,Joutapaitis,jjoutapaitis7o@hostgator.com,Female,67.125.106.138
278,Chryste,McLinden,cmclinden7p@hubpages.com,Female,47.212.135.123
279,Clim,Malling,cmalling7q@geocities.jp,Male,90.40.24.221
280,Alphonse,Carrivick,acarrivick7r@wordpress.org,Male,131.94.167.79
281,Thaxter,Tolley,ttolley7s@biglobe.ne.jp,Male,221.212.40.79
282,Otis,Challender,ochallender7t@miibeian.gov.cn,Male,140.169.59.186
283,Giuseppe,De Gowe,gdegowe7u@wix.com,Male,101.207.4.89
284,Dorie,Michael,dmichael7v@slashdot.org,Non-binary,149.157.44.242
285,Lurleen,Gadsdon,lgadsdon7w@tinyurl.com,Agender,166.169.62.63
286,Thomasin,Lummis,tlummis7x@yahoo.com,Female,29.14.148.8
287,Mariele,Fuller,mfuller7y@1688.com,Female,45.115.114.86
288,Inness,Donovan,idonovan7z@salon.com,Male,68.190.143.98
289,Forrester,Itzhaki,fitzhaki80@edublogs.org,Male,157.15.55.246
290,Callean,Caukill,ccaukill81@360.cn,Male,166.207.4.49
291,Rutledge,Dahlman,rdahlman82@cdbaby.com,Agender,197.131.249.191
292,Ty,Maunton,tmaunton83@nasa.gov,Male,95.6.54.0
293,Hughie,Fonso,hfonso84@jimdo.com,Male,243.166.33.87
294,Bethany,Reskelly,breskelly85@constantcontact.com,Female,78.142.11.189
295,Fawnia,Van De Cappelle,fvandecappelle86@google.ca,Female,161.142.64.27
296,Eleonora,Cuningham,ecuningham87@bbb.org,Female,41.248.171.230
297,Marita,MacChaell,mmacchaell88@alexa.com,Female,96.238.186.213
298,Florrie,Redwing,fredwing89@simplemachines.org,Female,138.98.146.245
299,Chas,Hurran,churran8a@mail.ru,Male,82.117.127.188
300,Roslyn,Beville,rbeville8b@meetup.com,Bigender,251.102.145.98
301,Giulia,Bartolic,gbartolic8c@moonfruit.com,Female,99.77.189.119
302,Mace,Funcheon,mfuncheon8d@bizjournals.com,Male,137.101.15.151
303,Ivan,Prendeville,iprendeville8e@google.ru,Male,164.39.228.107
304,Mariana,Crinion,mcrinion8f@is.gd,Female,2.96.33.95
305,Rasla,Conneau,rconneau8g@photobucket.com,Female,39.137.68.15
306,Karoly,Scotchmoor,kscotchmoor8h@google.fr,Female,196.31.84.151
307,Bambie,Pull,bpull8i@sakura.ne.jp,Female,82.9.54.16
308,Maegan,Ickov,mickov8j@drupal.org,Female,171.236.157.6
309,Germana,Petriello,gpetriello8k@google.nl,Female,74.214.15.62
310,Rodrigo,Couldwell,rcouldwell8l@umich.edu,Male,60.50.18.102
311,Josiah,Gibby,jgibby8m@whitehouse.gov,Male,228.170.84.4
312,Arielle,Pethick,apethick8n@usnews.com,Female,25.74.28.104
313,Ros,Burnand,rburnand8o@shop-pro.jp,Agender,188.18.40.229
314,Kile,Firidolfi,kfiridolfi8p@dropbox.com,Male,203.52.78.197
315,Danell,Sargent,dsargent8q@bloomberg.com,Female,190.26.94.237
316,Hermia,Burbidge,hburbidge8r@bizjournals.com,Genderqueer,45.248.71.208
317,Agnese,Marsy,amarsy8s@archive.org,Female,248.35.157.147
318,Lulita,Mosen,lmosen8t@princeton.edu,Female,229.135.139.2
319,Abie,Hordle,ahordle8u@google.es,Male,2.51.105.174
320,Alvina,Summerhayes,asummerhayes8v@indiatimes.com,Polygender,182.120.224.83
321,Mab,Ubsdale,mubsdale8w@drupal.org,Female,218.71.13.166
322,Maribel,MacNucator,mmacnucator8x@yale.edu,Female,132.37.199.224
323,Jeanette,Drewes,jdrewes8y@meetup.com,Female,225.39.140.172
324,Norri,Ojeda,nojeda8z@mlb.com,Female,8.205.126.153
325,Oralia,Peye,opeye90@photobucket.com,Female,126.23.94.216
326,Kris,Bourdon,kbourdon91@ameblo.jp,Male,104.142.142.223
327,Dorotea,Wornum,dwornum92@examiner.com,Female,43.152.162.87
328,Brinn,Shawley,bshawley93@bing.com,Female,179.244.212.244
329,Caritta,Remington,cremington94@ca.gov,Female,212.110.103.250
330,Chrissy,Panons,cpanons95@noaa.gov,Bigender,186.124.106.132
331,Barbabra,Ribou,bribou96@earthlink.net,Female,247.181.142.97
332,Lorne,Guttridge,lguttridge97@narod.ru,Female,137.176.216.201
333,Fields,MacKeller,fmackeller98@shareasale.com,Male,112.236.237.232
334,Felicia,Billiard,fbilliard99@simplemachines.org,Female,160.111.180.162
335,Minerva,Klimek,mklimek9a@parallels.com,Female,81.25.13.39
336,Mayne,Matthiae,mmatthiae9b@smh.com.au,Male,219.160.194.209
337,Beau,Budden,bbudden9c@usa.gov,Genderqueer,151.139.141.97
338,Levon,Georgeson,lgeorgeson9d@delicious.com,Male,238.63.96.233
339,Shalom,MacIver,smaciver9e@latimes.com,Male,69.197.245.173
340,Lori,De Maria,ldemaria9f@umn.edu,Female,195.31.155.65
341,Minni,Rives,mrives9g@sogou.com,Female,98.193.82.171
342,Dorrie,Beneze,dbeneze9h@craigslist.org,Female,204.212.67.68
343,Tedda,Schlagtmans,tschlagtmans9i@nhs.uk,Female,195.78.4.122
344,Kristian,Widdison,kwiddison9j@issuu.com,Male,90.71.125.245
345,Vera,Coulthard,vcoulthard9k@ihg.com,Female,246.126.244.2
346,Patrick,Troth,ptroth9l@cnbc.com,Male,2.29.57.71
347,Hamlen,Acock,hacock9m@jugem.jp,Male,161.169.175.135
348,Gothart,Tweedie,gtweedie9n@illinois.edu,Male,245.213.161.33
349,Reeta,Gumbrell,rgumbrell9o@feedburner.com,Female,174.80.139.216
350,Parsifal,Larman,plarman9p@wordpress.org,Male,38.222.142.6
351,Rosanna,Sherme,rsherme9q@technorati.com,Polygender,207.106.126.249
352,Alonso,Poulter,apoulter9r@wsj.com,Male,129.243.65.203
353,Jackie,Hicks,jhicks9s@hatena.ne.jp,Male,251.117.167.112
354,Cristy,Dowears,cdowears9t@telegraph.co.uk,Polygender,153.239.65.81
355,Pete,MacPaden,pmacpaden9u@cam.ac.uk,Male,164.45.238.140
356,Keelby,Permain,kpermain9v@salon.com,Male,225.236.152.10
357,Pooh,Strickler,pstrickler9w@skyrock.com,Male,87.220.182.14
358,Marieann,Gauden,mgauden9x@gravatar.com,Female,85.120.50.130
359,Maybelle,Llop,mllop9y@who.int,Female,255.12.80.199
360,Vanya,Levins,vlevins9z@elpais.com,Female,4.181.0.52
361,Egon,Tooth,etootha0@desdev.cn,Male,69.10.89.242
362,Lowrance,Tott,ltotta1@1und1.de,Male,221.150.101.204
363,Kristel,Flahy,kflahya2@pen.io,Female,23.173.57.7
364,Melita,Juan,mjuana3@liveinternet.ru,Female,82.61.125.73
365,Herve,Pingston,hpingstona4@businesswire.com,Male,216.154.51.119
366,Fonz,Hofton,fhoftona5@privacy.gov.au,Male,168.228.9.123
367,Esther,Geelan,egeelana6@spotify.com,Genderqueer,187.57.29.111
368,Yvonne,Fahrenbacher,yfahrenbachera7@privacy.gov.au,Female,216.8.126.234
369,Carmita,Blinerman,cblinermana8@auda.org.au,Bigender,49.161.199.218
370,Babita,Rayman,braymana9@cnet.com,Female,164.105.5.211
371,Lane,Chatteris,lchatterisaa@boston.com,Female,218.138.185.75
372,Joannes,Inwood,jinwoodab@about.com,Female,150.238.30.221
373,Kassie,Zorzi,kzorziac@usda.gov,Female,197.201.223.64
374,Livy,Bonnett,lbonnettad@tinypic.com,Female,184.45.34.33
375,Carmella,Mathouse,cmathouseae@latimes.com,Female,241.200.220.113
376,Kellyann,Nieass,knieassaf@youtube.com,Female,125.176.239.132
377,Borg,Thorius,bthoriusag@qq.com,Male,64.184.134.206
378,Templeton,Cleghorn,tcleghornah@home.pl,Male,141.150.63.124
379,Munroe,McCloy,mmccloyai@shareasale.com,Male,29.96.159.137
380,Emelda,Fuggles,efugglesaj@netlog.com,Genderfluid,4.190.55.122
381,Leona,Baumert,lbaumertak@clickbank.net,Female,45.38.75.31
382,Sid,Bisterfeld,sbisterfeldal@merriam-webster.com,Male,187.16.124.240
383,Ado,Mcwhinnie,amcwhinnieam@cnbc.com,Male,97.52.234.48
384,Daffie,Mingardo,dmingardoan@printfriendly.com,Genderfluid,15.212.80.69
385,Clementia,Seymer,cseymerao@webs.com,Female,203.9.65.128
386,Stefania,Bee,sbeeap@wp.com,Female,100.202.143.108
387,Ollie,Youle,oyouleaq@goodreads.com,Female,10.242.251.189
388,Michele,Beinke,mbeinkear@unesco.org,Male,86.59.67.163
389,Kari,Greydon,kgreydonas@deliciousdays.com,Female,41.111.181.100
390,Husein,Coulston,hcoulstonat@jimdo.com,Male,199.10.84.103
391,Veronique,Cornelis,vcornelisau@linkedin.com,Non-binary,244.54.118.60
392,Emerson,Zucker,ezuckerav@ihg.com,Male,4.192.249.132
393,Hastings,Piesold,hpiesoldaw@networkadvertising.org,Male,75.30.174.155
394,Gino,Lethbridge,glethbridgeax@youku.com,Bigender,195.195.83.172
395,Ced,Boundey,cboundeyay@sina.com.cn,Male,138.104.220.88
396,Leese,Jeduch,ljeduchaz@bing.com,Genderfluid,107.202.117.18
397,Ivar,Serrels,iserrelsb0@hc360.com,Male,188.214.209.14
398,Corissa,Giacopetti,cgiacopettib1@google.ca,Female,242.147.20.63
399,Weston,Boast,wboastb2@chicagotribune.com,Male,10.56.188.130
400,Leigha,Stivers,lstiversb3@narod.ru,Female,17.236.233.220
401,Brendon,Neathway,bneathwayb4@wunderground.com,Male,51.25.94.86
402,Birgit,St. Aubyn,bstaubynb5@unblog.fr,Female,44.122.134.213
403,Pyotr,Collomosse,pcollomosseb6@merriam-webster.com,Male,103.190.200.89
404,Filippa,Borgne,fborgneb7@statcounter.com,Genderfluid,238.148.185.118
405,Stanly,Kadd,skaddb8@netlog.com,Male,121.233.230.227
406,Garner,Setterthwait,gsetterthwaitb9@apple.com,Male,7.254.233.67
407,Lin,Pietruszka,lpietruszkaba@list-manage.com,Female,22.4.235.138
408,Barrie,Perren,bperrenbb@sitemeter.com,Female,220.26.103.69
409,Ban,Tesoe,btesoebc@t-online.de,Male,108.16.179.57
410,Shanie,Capaldi,scapaldibd@bloglines.com,Female,212.96.43.55
411,Isaiah,Lackeye,ilackeyebe@shareasale.com,Male,239.122.23.142
412,Marni,Vials,mvialsbf@tripadvisor.com,Female,106.62.159.1
413,Vic,Prose,vprosebg@paypal.com,Genderfluid,2.188.69.115
414,Kennedy,Jouning,kjouningbh@foxnews.com,Male,137.137.126.149
415,Valida,Moodie,vmoodiebi@cbsnews.com,Female,20.51.185.137
416,Torin,Scargill,tscargillbj@answers.com,Male,17.252.154.171
417,Berkie,O'Dogherty,bodoghertybk@theguardian.com,Male,248.93.135.228
418,Marielle,Heinemann,mheinemannbl@abc.net.au,Female,56.166.89.93
419,Tomkin,Duffy,tduffybm@addthis.com,Male,245.113.96.177
420,Rourke,Porcas,rporcasbn@fastcompany.com,Male,104.36.46.31
421,Jude,Rutty,jruttybo@hao123.com,Male,218.251.209.235
422,Shalna,Gaddesby,sgaddesbybp@moonfruit.com,Female,235.138.125.39
423,Pippy,Balham,pbalhambq@smh.com.au,Female,155.98.98.225
424,Otes,Andrzej,oandrzejbr@mashable.com,Male,103.191.7.174
425,Irving,Sirl,isirlbs@cargocollective.com,Male,55.71.219.88
426,Bernard,Kernermann,bkernermannbt@sfgate.com,Male,79.69.201.237
427,Leda,Bagger,lbaggerbu@gravatar.com,Female,105.101.115.216
428,Gavra,Garter,ggarterbv@studiopress.com,Female,133.255.226.68
429,Gabi,Bigmore,gbigmorebw@mashable.com,Female,160.252.77.54
430,Carlos,Carratt,ccarrattbx@oakley.com,Male,38.216.3.96
431,Nata,Guyers,nguyersby@ucla.edu,Female,192.111.26.55
432,Hyacinthe,Moden,hmodenbz@scientificamerican.com,Female,89.62.142.70
433,Gerianne,Cran,gcranc0@mashable.com,Female,11.199.133.63
434,Ingram,Dawkins,idawkinsc1@earthlink.net,Male,254.232.162.31
435,Dina,Weeks,dweeksc2@fotki.com,Female,4.70.191.194
436,Had,Ollett,hollettc3@spiegel.de,Male,174.3.161.216
437,Anselm,Littlefield,alittlefieldc4@columbia.edu,Male,199.129.95.74
438,Royal,Gay,rgayc5@oracle.com,Male,73.196.223.94
439,Mark,Arghent,marghentc6@psu.edu,Male,77.189.127.56
440,Aguistin,Gillitt,agillittc7@linkedin.com,Genderfluid,197.230.76.209
441,Lee,Foxen,lfoxenc8@mysql.com,Female,13.116.216.247
442,Chrissy,Fulton,cfultonc9@mail.ru,Genderqueer,34.186.97.78
443,Judon,Sterley,jsterleyca@example.com,Male,87.127.150.52
444,Osgood,Haycraft,ohaycraftcb@wired.com,Genderfluid,34.250.36.213
445,Randell,Vamplus,rvampluscc@hubpages.com,Non-binary,21.117.114.234
446,Abigael,Bennet,abennetcd@vistaprint.com,Female,242.170.157.219
447,Dionysus,Pershouse,dpershousece@usatoday.com,Male,44.237.201.26
448,Robb,O'Dunniom,rodunniomcf@w3.org,Male,29.88.217.154
449,Delano,Le Breton,dlebretoncg@washingtonpost.com,Male,109.144.217.198
450,Zachariah,Covington,zcovingtonch@google.nl,Male,154.204.102.138
451,Wheeler,Schurcke,wschurckeci@blinklist.com,Male,75.55.236.129
452,Hannie,Harrop,hharropcj@ftc.gov,Female,247.129.157.158
453,Cybil,Ibert,cibertck@naver.com,Female,159.43.94.239
454,Sapphira,Humphrey,shumphreycl@freewebs.com,Agender,233.145.232.145
455,Elli,Barnaclough,ebarnacloughcm@tripadvisor.com,Female,158.194.23.70
456,Goddart,Golden,ggoldencn@scribd.com,Male,166.80.155.30
457,Roddie,Rampley,rrampleyco@smugmug.com,Male,205.84.212.144
458,Odell,Diss,odisscp@intel.com,Male,189.254.119.109
459,Percy,Brind,pbrindcq@intel.com,Genderqueer,83.103.94.164
460,Ephrayim,Gallanders,egallanderscr@squarespace.com,Male,142.60.89.134
461,Loretta,Dike,ldikecs@sohu.com,Female,223.206.201.209
462,Catlin,Scammell,cscammellct@g.co,Female,172.10.231.214
463,Kurtis,Fullerlove,kfullerlovecu@mapquest.com,Male,46.84.254.66
464,Kerianne,Lipscomb,klipscombcv@youtube.com,Female,118.201.8.155
465,Teirtza,Vickar,tvickarcw@hibu.com,Female,212.208.67.221
466,Tally,Masserel,tmasserelcx@reddit.com,Male,93.46.77.181
467,Devland,Wombwell,dwombwellcy@si.edu,Male,255.183.211.67
468,Ginni,Southgate,gsouthgatecz@bandcamp.com,Female,6.224.56.14
469,Sheff,Peto,spetod0@elpais.com,Agender,100.171.84.238
470,Maris,Blanket,mblanketd1@sfgate.com,Female,215.149.76.114
471,Ekaterina,Wooddisse,ewooddissed2@alibaba.com,Genderqueer,97.29.120.164
472,Stefan,Toombs,stoombsd3@mayoclinic.com,Male,76.33.216.16
473,Adriana,Gumey,agumeyd4@msn.com,Female,173.203.158.54
474,Bibi,Astin,bastind5@mediafire.com,Female,249.62.20.52
475,Lainey,Vasentsov,lvasentsovd6@sciencedirect.com,Female,31.136.32.200
476,Clint,Cutriss,ccutrissd7@bbb.org,Genderfluid,169.6.6.218
477,Stephana,Getley,sgetleyd8@cloudflare.com,Female,235.126.243.111
478,Vassily,Maile,vmailed9@telegraph.co.uk,Male,2.53.218.72
479,August,Harvison,aharvisonda@slashdot.org,Male,153.158.121.99
480,Errick,Hastie,ehastiedb@aboutads.info,Male,240.147.159.77
481,Trent,Withey,twitheydc@google.com.br,Male,224.32.1.233
482,Fayina,Glackin,fglackindd@netvibes.com,Female,222.123.12.237
483,Samuel,Tailour,stailourde@constantcontact.com,Male,28.40.100.45
484,Mitch,Waterhowse,mwaterhowsedf@pinterest.com,Male,108.52.213.108
485,Tobit,Chapleo,tchapleodg@dyndns.org,Male,142.23.188.193
486,Doretta,Comer,dcomerdh@webmd.com,Female,156.96.208.132
487,Kata,Pavie,kpaviedi@seesaa.net,Female,171.146.19.81
488,Natal,Griswood,ngriswooddj@samsung.com,Male,56.243.249.193
489,Sharron,Leethem,sleethemdk@google.com,Female,120.125.221.52
490,Gladys,Androletti,gandrolettidl@cnbc.com,Female,78.190.208.108
491,Liesa,Leadbitter,lleadbitterdm@chronoengine.com,Female,28.172.255.234
492,Slade,Noblet,snobletdn@cornell.edu,Male,149.240.180.123
493,Jenifer,Bulfoy,jbulfoydo@scientificamerican.com,Female,153.228.83.137
494,Gabriele,Kesey,gkeseydp@ox.ac.uk,Male,70.31.69.185
495,Roscoe,Newe,rnewedq@flickr.com,Male,86.54.101.251
496,Josias,MacNeill,jmacneilldr@fastcompany.com,Male,209.23.5.168
497,Clemmy,Scholar,cscholards@quantcast.com,Male,219.200.29.179
498,Ariel,Minico,aminicodt@youku.com,Non-binary,75.159.98.176
499,Lincoln,Girone,lgironedu@bloglovin.com,Male,155.195.187.162
500,Jody,Gerge,jgergedv@nasa.gov,Male,203.238.158.238
501,Sheffie,Tunnoch,stunnochdw@cafepress.com,Male,82.170.135.59
502,Domingo,Tutchell,dtutchelldx@ca.gov,Male,2.244.65.29
503,Vaughn,Golsthorp,vgolsthorpdy@mapquest.com,Male,120.192.192.238
504,Vance,Cerro,vcerrodz@ihg.com,Male,84.6.14.214
505,Constantia,Vivyan,cvivyane0@topsy.com,Female,110.186.240.188
506,Ellis,Bein,ebeine1@icq.com,Male,73.249.198.19
507,Herc,Ridett,hridette2@pen.io,Male,232.126.12.234
508,Olly,Reston,orestone3@bloglines.com,Male,146.144.94.249
509,Carley,McNea,cmcneae4@hugedomains.com,Bigender,11.138.216.226
510,Moises,Hindrick,mhindricke5@mashable.com,Male,103.94.125.47
511,Joanie,Rigby,jrigbye6@redcross.org,Female,243.176.232.101
512,Tess,Klimkiewich,tklimkiewiche7@tinypic.com,Female,202.85.98.116
513,Edi,Guwer,eguwere8@multiply.com,Female,30.37.108.114
514,Lamond,Clempton,lclemptone9@dion.ne.jp,Male,4.251.143.129
515,Chrissie,Abelwhite,cabelwhiteea@google.com.hk,Female,172.248.154.241
516,Correna,Burrage,cburrageeb@list-manage.com,Female,162.87.142.181
517,Wayne,Lebourn,wlebournec@jigsy.com,Male,184.38.65.7
518,Aron,Reams,areamsed@census.gov,Male,164.241.39.217
519,Sella,Prior,sprioree@slate.com,Genderqueer,162.149.21.64
520,Sam,Grange,sgrangeef@about.com,Bigender,35.73.142.86
521,Evyn,Kern,ekerneg@jigsy.com,Male,158.48.147.198
522,Herbert,McNiven,hmcniveneh@liveinternet.ru,Male,96.182.156.46
523,Jeralee,Cancelier,jcancelierei@ucoz.ru,Polygender,61.31.181.209
524,Lynna,Daniells,ldaniellsej@usa.gov,Female,64.41.186.6
525,Teodoor,Eggleson,tegglesonek@nydailynews.com,Male,105.188.79.236
526,Kath,Lydden,klyddenel@scribd.com,Female,95.45.188.10
527,Vina,O'Cleary,voclearyem@deviantart.com,Female,126.66.19.199
528,Derron,Glencross,dglencrossen@constantcontact.com,Male,236.255.39.146
529,Deana,Stoffels,dstoffelseo@topsy.com,Female,59.193.246.33
530,Marcel,Durham,mdurhamep@yelp.com,Male,143.97.5.16
531,Ursulina,Jachtym,ujachtymeq@live.com,Female,85.89.223.146
532,Antonin,Boissier,aboissierer@discuz.net,Male,233.170.37.56
533,Esta,Glennon,eglennones@webnode.com,Female,245.199.236.191
534,Jeddy,Swayte,jswayteet@about.me,Male,145.169.55.217
535,Corella,Fallon,cfalloneu@hc360.com,Female,186.45.22.17
536,Nerissa,Guerrero,nguerreroev@foxnews.com,Female,167.57.9.177
537,Mitchael,Commins,mcomminsew@samsung.com,Male,173.216.144.68
538,Rupert,Blacktin,rblacktinex@naver.com,Male,4.35.79.22
539,Benn,Haggith,bhaggithey@xinhuanet.com,Male,190.103.211.158
540,Petr,Campagne,pcampagneez@fotki.com,Male,149.224.82.161
541,Jarrad,Lightbody,jlightbodyf0@booking.com,Male,37.117.164.9
542,Roxanna,Inglesfield,ringlesfieldf1@etsy.com,Female,49.35.7.123
543,Jenifer,Kondratenya,jkondratenyaf2@amazon.co.uk,Female,117.221.139.186
544,Ly,Willder,lwillderf3@simplemachines.org,Male,131.143.108.81
545,Sebastiano,Ellam,sellamf4@networksolutions.com,Male,255.14.241.210
546,Claudine,Molian,cmolianf5@behance.net,Female,207.139.246.129
547,Fanni,Wardle,fwardlef6@patch.com,Female,55.198.235.144
548,Reid,Murrey,rmurreyf7@buzzfeed.com,Male,20.146.182.148
549,Karin,Bartolomivis,kbartolomivisf8@woothemes.com,Female,70.105.132.141
550,Marin,Gerald,mgeraldf9@admin.ch,Female,74.219.165.191
551,Rod,Glencorse,rglencorsefa@wix.com,Genderfluid,58.60.133.133
552,Finlay,Ledrane,fledranefb@who.int,Male,44.39.42.65
553,Claire,Hallahan,challahanfc@businessweek.com,Genderqueer,244.107.21.54
554,Neely,O'Riordan,noriordanfd@bluehost.com,Female,105.154.206.238
555,Marley,Mowlam,mmowlamfe@prweb.com,Female,170.30.206.208
556,Michaeline,Garrison,mgarrisonff@java.com,Female,97.183.164.4
557,Elvis,Klais,eklaisfg@umich.edu,Male,255.43.145.247
558,Rosabelle,Iskov,riskovfh@trellian.com,Female,53.15.45.112
559,Susan,Drinkel,sdrinkelfi@plala.or.jp,Female,192.233.15.152
560,Clive,Klimczak,cklimczakfj@wikipedia.org,Male,219.109.175.107
561,Ina,Thorington,ithoringtonfk@google.cn,Female,150.70.163.122
562,Robena,Klainman,rklainmanfl@xrea.com,Female,211.252.148.121
563,Kerk,Roder,kroderfm@google.pl,Male,57.87.21.167
564,Loraine,Glavis,lglavisfn@gmpg.org,Non-binary,232.6.249.85
565,Ginny,Pasek,gpasekfo@list-manage.com,Female,84.159.174.38
566,Marla,Cattermole,mcattermolefp@usda.gov,Female,228.66.145.15
567,Gorden,Mityushin,gmityushinfq@slate.com,Male,47.55.200.49
568,Kele,Courtese,kcourtesefr@indiatimes.com,Male,181.100.199.27
569,Claudie,Wishkar,cwishkarfs@cocolog-nifty.com,Female,66.238.63.166
570,Yetty,Higginbottam,yhigginbottamft@liveinternet.ru,Female,126.255.111.43
571,Curran,Espinosa,cespinosafu@e-recht24.de,Male,36.188.5.197
572,Alfie,Androletti,aandrolettifv@walmart.com,Male,107.183.59.58
573,Van,Durrant,vdurrantfw@gmpg.org,Genderfluid,116.121.87.153
574,Tarrah,Francescuccio,tfrancescucciofx@github.io,Female,245.203.57.25
575,Barrett,Slavin,bslavinfy@sun.com,Male,184.101.139.84
576,Maryanna,Licciardo,mlicciardofz@sogou.com,Female,145.80.54.49
577,Pavla,Simo,psimog0@unblog.fr,Female,35.50.93.188
578,Goddart,Gentzsch,ggentzschg1@tripod.com,Male,192.48.38.121
579,Ax,Buttery,abutteryg2@dmoz.org,Male,222.131.170.60
580,Conrade,Leicester,cleicesterg3@yandex.ru,Male,71.149.149.154
581,Sheri,Reddan,sreddang4@bandcamp.com,Female,199.116.3.199
582,Richardo,Fulks,rfulksg5@shop-pro.jp,Male,255.72.59.126
583,Donaugh,Carletto,dcarlettog6@gmpg.org,Male,233.104.149.93
584,Bride,Kay,bkayg7@delicious.com,Female,163.157.39.228
585,Kent,Alforde,kalfordeg8@bloglovin.com,Male,13.244.75.50
586,Onida,Stables,ostablesg9@yellowbook.com,Female,216.29.114.86
587,Robb,Stepney,rstepneyga@mozilla.org,Male,100.175.10.178
588,Annelise,Styles,astylesgb@unicef.org,Female,36.36.23.81
589,Barbi,Howsley,bhowsleygc@stanford.edu,Female,11.45.189.143
590,Reg,Tracy,rtracygd@samsung.com,Male,1.238.13.85
591,Cleo,Yakobovitz,cyakobovitzge@dion.ne.jp,Female,248.78.17.144
592,Hart,Lavallin,hlavallingf@g.co,Male,67.212.190.243
593,May,Hurdwell,mhurdwellgg@123-reg.co.uk,Non-binary,170.205.67.94
594,Svend,Hinder,shindergh@sciencedirect.com,Male,234.218.34.204
595,Price,Frise,pfrisegi@sciencedaily.com,Genderqueer,243.117.78.85
596,Kurtis,Gergely,kgergelygj@mac.com,Male,47.21.9.79
597,Gerek,Mundford,gmundfordgk@sbwire.com,Male,164.242.55.254
598,Lissi,Baake,lbaakegl@hexun.com,Female,82.59.18.81
599,Norene,Boldecke,nboldeckegm@instagram.com,Female,247.185.12.181
600,Jazmin,Corsor,jcorsorgn@engadget.com,Female,182.190.29.250
601,Bari,Bergstram,bbergstramgo@pagesperso-orange.fr,Female,159.126.203.43
602,Ana,Fairholme,afairholmegp@narod.ru,Female,242.230.213.219
603,Gussy,Kille,gkillegq@slideshare.net,Female,185.99.5.222
604,Dredi,Portchmouth,dportchmouthgr@marriott.com,Female,218.108.97.243
605,Christa,Denham,cdenhamgs@usnews.com,Female,119.45.34.61
606,Salomon,Shillingford,sshillingfordgt@amazon.co.jp,Male,4.29.38.10
607,Rollins,Harold,rharoldgu@jalbum.net,Male,231.0.64.112
608,Terrence,Shaw,tshawgv@vkontakte.ru,Male,239.227.101.28
609,Kelsi,Barrie,kbarriegw@dion.ne.jp,Female,246.246.220.30
610,Stanwood,Davidovics,sdavidovicsgx@cpanel.net,Male,175.42.172.240
611,Stevena,Meates,smeatesgy@blogtalkradio.com,Female,26.204.175.247
612,Sophie,Sweetsur,ssweetsurgz@huffingtonpost.com,Female,147.0.39.72
613,Millie,Heys,mheysh0@oracle.com,Agender,36.211.241.38
614,Cam,Concannon,cconcannonh1@si.edu,Male,15.24.241.241
615,Marv,Paler,mpalerh2@qq.com,Male,99.60.196.252
616,Marlee,Pryke,mprykeh3@lulu.com,Female,2.163.88.219
617,Gunar,Calan,gcalanh4@over-blog.com,Male,25.233.212.139
618,Walther,Tales,wtalesh5@discuz.net,Male,95.149.67.30
619,Leelah,Lamers,llamersh6@usa.gov,Bigender,9.114.209.66
620,Ira,Methven,imethvenh7@booking.com,Female,113.72.191.1
621,Ramona,Annetts,rannettsh8@reuters.com,Female,189.118.190.31
622,Mitchel,Yanyushkin,myanyushkinh9@wiley.com,Male,87.138.192.180
623,Ezra,Juarez,ejuarezha@merriam-webster.com,Male,137.166.81.36
624,Ettore,Rozzier,erozzierhb@printfriendly.com,Male,62.116.122.90
625,Erna,Jennrich,ejennrichhc@topsy.com,Female,130.10.253.144
626,Mickey,Flagg,mflagghd@google.cn,Genderfluid,190.177.3.17
627,Reinold,Khomishin,rkhomishinhe@blinklist.com,Male,112.249.80.248
628,Shellysheldon,Lynde,slyndehf@topsy.com,Genderqueer,192.115.186.72
629,Law,Meadway,lmeadwayhg@hubpages.com,Male,5.247.71.175
630,Osborne,Rosini,orosinihh@bizjournals.com,Genderqueer,46.179.116.37
631,Cornelle,Rolfs,crolfshi@nhs.uk,Female,253.223.138.113
632,Roosevelt,Spinke,rspinkehj@goo.gl,Male,79.198.178.241
633,Koressa,Emlin,kemlinhk@ebay.com,Female,122.28.231.106
634,Cati,Tallowin,ctallowinhl@reverbnation.com,Female,198.202.202.172
635,Sonny,Kestle,skestlehm@wsj.com,Male,111.92.214.149
636,Toddy,Pinsent,tpinsenthn@pinterest.com,Male,229.134.6.234
637,Phoebe,Teas,pteasho@hp.com,Female,140.52.126.96
638,Worth,Nuttall,wnuttallhp@businesswire.com,Male,157.210.214.2
639,Mattias,Lonsbrough,mlonsbroughhq@creativecommons.org,Male,78.28.124.211
640,Matthias,Bellringer,mbellringerhr@ca.gov,Male,85.145.227.148
641,Bondie,Billison,bbillisonhs@people.com.cn,Male,238.51.91.47
642,Margaux,Bullent,mbullentht@people.com.cn,Female,36.78.184.80
643,Marla,Janny,mjannyhu@icio.us,Female,206.123.39.135
644,Vale,Hein,vheinhv@patch.com,Female,93.220.164.185
645,Jamima,Woolaston,jwoolastonhw@acquirethisname.com,Genderfluid,44.16.22.11
646,Lorens,Vala,lvalahx@craigslist.org,Male,184.183.250.213
647,Micheal,Windas,mwindashy@behance.net,Male,122.219.76.207
648,Lemar,Bysaker,lbysakerhz@fema.gov,Male,180.99.48.42
649,Aron,Syme,asymei0@ovh.net,Male,149.198.79.27
650,Ronny,Winning,rwinningi1@instagram.com,Bigender,35.217.138.238
651,Anabel,Bowbrick,abowbricki2@ucla.edu,Female,149.133.73.34
652,Moll,Tinniswood,mtinniswoodi3@mail.ru,Female,6.196.107.244
653,Hale,Pibworth,hpibworthi4@bbb.org,Male,123.163.225.96
654,Marshall,Manners,mmannersi5@epa.gov,Male,192.169.157.66
655,Ermentrude,Rosson,erossoni6@apple.com,Female,77.56.30.193
656,Sisile,Waggatt,swaggatti7@wikispaces.com,Female,248.116.164.26
657,James,Vernham,jvernhami8@discuz.net,Male,140.75.182.14
658,Ronny,Meletti,rmelettii9@who.int,Female,207.52.239.34
659,Beau,Myhill,bmyhillia@desdev.cn,Male,90.152.19.57
660,Lavena,Yakutin,lyakutinib@ted.com,Female,103.223.6.114
661,Colly,Kinnier,ckinnieric@miibeian.gov.cn,Female,72.74.94.211
662,Boote,Coker,bcokerid@businessinsider.com,Male,93.89.31.71
663,Cchaddie,Shurlock,cshurlockie@admin.ch,Male,77.197.167.36
664,Fons,Beckles,fbecklesif@mapy.cz,Male,236.61.161.17
665,Delphinia,De Caroli,ddecaroliig@hugedomains.com,Female,102.152.51.0
666,Juliane,Sanzio,jsanzioih@ning.com,Female,228.87.24.12
667,Nona,Crabb,ncrabbii@bloomberg.com,Female,58.102.1.245
668,Denney,Dyson,ddysonij@clickbank.net,Male,187.237.222.179
669,Dyanna,Crowley,dcrowleyik@oakley.com,Female,53.123.178.231
670,Eleonore,Stallan,estallanil@zimbio.com,Female,197.234.76.252
671,Rochester,Roscow,rroscowim@simplemachines.org,Male,198.145.122.161
672,Bald,Kindread,bkindreadin@miibeian.gov.cn,Male,82.3.64.55
673,Neill,Gerram,ngerramio@edublogs.org,Genderfluid,99.234.130.248
674,Micky,MacCumiskey,mmaccumiskeyip@oaic.gov.au,Genderqueer,225.248.161.99
675,Ermin,Goskar,egoskariq@moonfruit.com,Male,11.17.230.11
676,Reagan,Feronet,rferonetir@miibeian.gov.cn,Male,172.205.196.149
677,Shaina,Edmundson,sedmundsonis@dot.gov,Female,113.247.160.127
678,Allen,Hencke,ahenckeit@t-online.de,Male,115.96.183.245
679,Sheppard,Raitie,sraitieiu@theglobeandmail.com,Male,63.157.130.192
680,Orlando,Pedrielli,opedrielliiv@home.pl,Male,74.145.134.125
681,Karney,Yacob,kyacobiw@sohu.com,Male,230.227.245.202
682,Hobart,Constant,hconstantix@house.gov,Male,209.53.200.73
683,Bryce,Yokel,byokeliy@google.it,Male,111.253.12.190
684,Madlin,Fritter,mfritteriz@digg.com,Female,114.85.110.87
685,Roosevelt,Garmston,rgarmstonj0@oaic.gov.au,Male,182.54.36.243
686,Lauritz,Mulqueeny,lmulqueenyj1@addthis.com,Male,86.188.95.162
687,Orin,Folcarelli,ofolcarellij2@soup.io,Male,222.85.246.243
688,Aldous,Gaskins,agaskinsj3@irs.gov,Male,231.244.140.206
689,Leanora,Cottisford,lcottisfordj4@ameblo.jp,Female,243.143.171.137
690,Fanya,Dearsley,fdearsleyj5@goodreads.com,Female,65.125.241.247
691,Ardenia,Praundl,apraundlj6@vimeo.com,Female,97.100.147.99
692,Lorne,Mathieson,lmathiesonj7@fastcompany.com,Female,96.238.110.198
693,Delmar,Scholes,dscholesj8@netscape.com,Male,153.188.2.105
694,Oren,Shorrock,oshorrockj9@wikia.com,Male,66.197.24.162
695,Bridget,Kurth,bkurthja@hostgator.com,Genderqueer,57.19.216.5
696,Cristy,Belliard,cbelliardjb@webeden.co.uk,Female,19.160.201.30
697,Haze,Mullin,hmullinjc@usa.gov,Polygender,155.134.220.235
698,Idette,Antuk,iantukjd@google.it,Female,24.26.8.225
699,Gill,Ingleton,gingletonje@indiatimes.com,Female,253.211.19.22
700,Ignacio,Aleksahkin,ialeksahkinjf@soup.io,Male,246.169.44.198
701,Mack,Layson,mlaysonjg@dot.gov,Male,155.202.239.95
702,Cecile,Coucha,ccouchajh@domainmarket.com,Female,66.15.135.92
703,Solly,Deddum,sdeddumji@ameblo.jp,Male,216.67.9.241
704,Trista,Gemeau,tgemeaujj@scientificamerican.com,Female,39.142.142.86
705,Skip,Maudlin,smaudlinjk@weather.com,Male,70.0.97.34
706,Lorenza,Roskeilly,lroskeillyjl@cpanel.net,Female,206.215.168.9
707,Greta,Shepley,gshepleyjm@de.vu,Female,217.130.255.201
708,Robbert,Pirdue,rpirduejn@uiuc.edu,Male,113.196.121.42
709,Nevins,McKeaveney,nmckeaveneyjo@salon.com,Male,158.124.78.111
710,Debee,Clyburn,dclyburnjp@sina.com.cn,Female,118.147.92.159
711,Mord,Cudby,mcudbyjq@over-blog.com,Male,207.138.89.0
712,Kaspar,Boddis,kboddisjr@businessinsider.com,Male,64.54.209.44
713,Leroi,Shekle,lsheklejs@wikispaces.com,Genderqueer,50.77.234.115
714,Niels,Hazzard,nhazzardjt@xrea.com,Polygender,41.181.187.12
715,Aarika,Micheli,amicheliju@yellowbook.com,Female,8.251.165.204
716,Emmalynn,Ballard,eballardjv@scientificamerican.com,Female,73.131.71.205
717,Gretel,Lorimer,glorimerjw@hibu.com,Female,150.211.180.102
718,Gussi,Vockins,gvockinsjx@npr.org,Female,161.83.37.137
719,Lianne,Whye,lwhyejy@irs.gov,Female,62.104.38.139
720,Lindsey,Managh,lmanaghjz@odnoklassniki.ru,Polygender,253.246.223.217
721,Roth,Duffie,rduffiek0@cnbc.com,Male,73.95.26.249
722,Fayre,Pedroli,fpedrolik1@bigcartel.com,Female,151.138.213.50
723,Elset,Wadsworth,ewadsworthk2@wp.com,Female,59.233.4.171
724,Sarina,Snawdon,ssnawdonk3@tinypic.com,Female,165.19.227.159
725,Barty,D'Antuoni,bdantuonik4@meetup.com,Male,143.168.197.89
726,Whitby,Titherington,wtitheringtonk5@google.com,Male,250.80.240.41
727,Ephrayim,Daal,edaalk6@odnoklassniki.ru,Male,119.228.128.105
728,Reynolds,Fairey,rfaireyk7@buzzfeed.com,Male,17.130.78.24
729,Melina,Ledwidge,mledwidgek8@yandex.ru,Female,59.157.15.35
730,Earlie,Skelcher,eskelcherk9@hud.gov,Male,112.255.124.199
731,Reynard,Seary,rsearyka@jugem.jp,Male,174.36.98.232
732,Myrta,Mahon,mmahonkb@china.com.cn,Female,171.164.90.182
733,Ellary,Milby,emilbykc@myspace.com,Male,71.239.30.90
734,Starla,Weiss,sweisskd@typepad.com,Genderqueer,155.233.205.228
735,Domini,Redolfi,dredolfike@wsj.com,Female,80.20.39.129
736,Muriel,Bosomworth,mbosomworthkf@ft.com,Female,53.153.17.66
737,Fara,Wofenden,fwofendenkg@163.com,Female,47.108.42.26
738,Xever,Hovenden,xhovendenkh@amazon.co.jp,Male,197.172.226.169
739,Wyn,Mottershaw,wmottershawki@apache.org,Polygender,20.84.145.176
740,Rutherford,Holsey,rholseykj@altervista.org,Male,146.253.89.195
741,Orel,Adenot,oadenotkk@deviantart.com,Female,86.148.2.113
742,Lillian,Fadden,lfaddenkl@sourceforge.net,Female,188.145.195.126
743,Haley,Lacroux,hlacrouxkm@globo.com,Female,118.49.6.240
744,Caleb,Yegorchenkov,cyegorchenkovkn@chronoengine.com,Male,18.12.228.190
745,Tomas,Tainton,ttaintonko@blogs.com,Male,242.87.146.108
746,Angele,Minchell,aminchellkp@ustream.tv,Female,75.39.15.26
747,Lia,Flemyng,lflemyngkq@friendfeed.com,Female,130.59.127.237
748,Herrick,Ferneyhough,hferneyhoughkr@earthlink.net,Male,21.123.229.55
749,Clair,Pincked,cpinckedks@eepurl.com,Male,130.67.216.180
750,Wendie,Beseke,wbesekekt@privacy.gov.au,Non-binary,252.136.101.181
751,Wolfgang,Lafford,wlaffordku@ycombinator.com,Male,125.114.154.245
752,Corney,Beacham,cbeachamkv@timesonline.co.uk,Male,220.183.86.33
753,Matthiew,Flowith,mflowithkw@networksolutions.com,Male,75.141.234.98
754,Clary,Pounsett,cpounsettkx@ted.com,Female,7.38.201.6
755,Mable,Belk,mbelkky@sun.com,Female,101.180.252.175
756,Renaldo,Cockburn,rcockburnkz@weibo.com,Male,91.160.110.77
757,Thorny,Lelievre,tlelievrel0@upenn.edu,Male,19.162.84.28
758,Marci,Teissier,mteissierl1@lycos.com,Female,142.128.110.231
759,Kenna,Prudham,kprudhaml2@printfriendly.com,Female,114.42.164.115
760,Freddie,Koppen,fkoppenl3@xing.com,Male,166.201.235.198
761,Shae,Persian,spersianl4@techcrunch.com,Female,217.127.5.226
762,Deni,MacNeely,dmacneelyl5@addtoany.com,Bigender,135.83.80.25
763,Matthiew,Testo,mtestol6@yellowpages.com,Male,228.234.170.205
764,Kristopher,Bartzen,kbartzenl7@exblog.jp,Male,167.16.226.182
765,Kikelia,Overpool,koverpooll8@tumblr.com,Female,72.118.255.218
766,Shena,Cluderay,scluderayl9@sogou.com,Bigender,180.196.200.21
767,Brit,Magill,bmagillla@nytimes.com,Male,156.11.21.201
768,Reilly,Leary,rlearylb@ftc.gov,Male,112.128.244.196
769,Athena,Caseley,acaseleylc@ask.com,Female,227.14.9.116
770,Nicoli,Larret,nlarretld@forbes.com,Female,123.152.122.178
771,Nerissa,Pouton,npoutonle@census.gov,Female,2.229.116.145
772,Oates,Phinnis,ophinnislf@washington.edu,Male,198.65.90.36
773,Glyn,Cordeux,gcordeuxlg@dailymotion.com,Female,150.28.150.112
774,Magdalen,Bennie,mbennielh@google.it,Female,1.142.20.165
775,Ellen,Hintzer,ehintzerli@nationalgeographic.com,Genderqueer,63.195.130.132
776,Rhoda,Ondrasek,rondraseklj@free.fr,Female,5.77.46.157
777,Stuart,Kittiman,skittimanlk@xinhuanet.com,Male,212.74.216.46
778,Evered,Moorey,emooreyll@ted.com,Male,23.136.217.187
779,Brendan,Hadley,bhadleylm@ycombinator.com,Male,105.32.27.146
780,Gerald,Chapiro,gchapiroln@google.fr,Male,231.205.16.240
781,Therine,Point,tpointlo@sohu.com,Female,29.196.131.106
782,Griffin,Lalley,glalleylp@ocn.ne.jp,Male,88.39.142.69
783,Doug,Rhodes,drhodeslq@skype.com,Male,44.161.218.220
784,Jemimah,Pochon,jpochonlr@reuters.com,Female,226.90.151.111
785,Hester,Rown,hrownls@rambler.ru,Polygender,245.0.220.174
786,Dana,Proske,dproskelt@scientificamerican.com,Female,137.25.238.240
787,Nial,Duxbury,nduxburylu@disqus.com,Male,150.198.13.59
788,Nelson,Yeardsley,nyeardsleylv@devhub.com,Male,216.131.171.239
789,Stacie,Branscombe,sbranscombelw@hc360.com,Female,1.125.249.156
790,Tremain,Iacovini,tiacovinilx@zdnet.com,Male,129.229.64.85
791,Lorie,Kornyshev,lkornyshevly@icio.us,Female,103.30.100.99
792,Jacquelyn,Dossantos,jdossantoslz@photobucket.com,Female,217.235.230.31
793,Tamera,Batty,tbattym0@cdbaby.com,Female,48.105.175.17
794,Cally,Aloway,calowaym1@cam.ac.uk,Polygender,245.4.42.115
795,Nollie,Castiblanco,ncastiblancom2@prlog.org,Polygender,206.57.206.74
796,Bella,Hamfleet,bhamfleetm3@reverbnation.com,Female,201.42.73.1
797,Bessie,Reiglar,breiglarm4@irs.gov,Female,184.202.167.194
798,Pegeen,Weal,pwealm5@slashdot.org,Female,172.59.50.9
799,Cherri,Spenclay,cspenclaym6@wordpress.org,Female,52.214.20.180
800,Annabel,Gardiner,agardinerm7@feedburner.com,Female,250.66.236.186
801,Alisander,Asel,aaselm8@pcworld.com,Male,238.112.31.46
802,Glen,Lenin,gleninm9@usda.gov,Female,46.25.84.45
803,Car,Joskovitch,cjoskovitchma@lycos.com,Male,249.240.246.42
804,Cyb,Dellenty,cdellentymb@opensource.org,Female,212.125.216.225
805,Pavlov,Vickers,pvickersmc@nifty.com,Male,7.159.231.3
806,Judas,Yedy,jyedymd@smugmug.com,Agender,187.177.66.129
807,Lyle,Arrandale,larrandaleme@geocities.jp,Male,186.3.179.126
808,Florri,Pogosian,fpogosianmf@google.com,Female,27.247.75.8
809,Vita,Martyns,vmartynsmg@sakura.ne.jp,Female,71.50.243.189
810,Marsh,Cracoe,mcracoemh@si.edu,Male,43.51.147.249
811,Drusi,Rubinsohn,drubinsohnmi@nytimes.com,Female,8.28.200.163
812,Merrily,Dominy,mdominymj@ask.com,Female,22.128.79.92
813,Gradeigh,Follin,gfollinmk@cpanel.net,Male,128.117.235.120
814,Ronnica,Wooldridge,rwooldridgeml@nifty.com,Female,182.21.17.84
815,Claudie,Strowger,cstrowgermm@google.it,Female,139.63.126.101
816,Taite,Yarham,tyarhammn@yale.edu,Male,180.201.135.10
817,Ulysses,Priel,uprielmo@shareasale.com,Male,192.213.243.226
818,Margarette,Doyle,mdoylemp@scribd.com,Female,179.36.144.49
819,Timmi,Braganza,tbraganzamq@addthis.com,Female,143.255.158.22
820,Daphna,Griffin,dgriffinmr@mail.ru,Female,185.44.98.175
821,Morganne,Carlozzi,mcarlozzims@spotify.com,Female,229.162.34.47
822,Sanders,Gatehouse,sgatehousemt@wikimedia.org,Male,195.3.225.252
823,Franciskus,Bohlens,fbohlensmu@foxnews.com,Male,114.222.125.78
824,Pinchas,Rocks,procksmv@nymag.com,Male,65.179.247.65
825,Durante,Pargent,dpargentmw@who.int,Male,152.248.197.217
826,Farand,Barajaz,fbarajazmx@constantcontact.com,Genderqueer,200.37.7.209
827,Shepard,Cohalan,scohalanmy@wunderground.com,Male,229.241.80.115
828,Othella,Le Barr,olebarrmz@ehow.com,Female,17.108.154.12
829,Flossie,Mullord,fmullordn0@vk.com,Female,127.224.17.57
830,Lory,Hadcock,lhadcockn1@multiply.com,Female,40.79.174.175
831,Rabi,Hundley,rhundleyn2@home.pl,Male,226.61.84.234
832,Ethelbert,Obray,eobrayn3@toplist.cz,Male,7.83.130.51
833,Edmund,Wallman,ewallmann4@nyu.edu,Male,133.96.96.168
834,Katharina,Caldaro,kcaldaron5@irs.gov,Female,190.102.191.37
835,Alica,Bramley,abramleyn6@hostgator.com,Female,95.17.130.253
836,Isador,Minchenton,iminchentonn7@wordpress.org,Male,161.235.220.218
837,Lorant,Toyne,ltoynen8@studiopress.com,Male,95.67.101.177
838,Gelya,Olivier,goliviern9@hubpages.com,Female,117.241.50.62
839,Eimile,Gallone,egallonena@ocn.ne.jp,Female,206.132.18.215
840,Valentino,Dike,vdikenb@ox.ac.uk,Genderqueer,55.167.48.126
841,Matty,Olle,mollenc@simplemachines.org,Male,85.21.7.221
842,Regine,Laneham,rlanehamnd@thetimes.co.uk,Female,12.15.85.239
843,Alexandrina,Ogelsby,aogelsbyne@diigo.com,Female,227.27.75.224
844,Casar,Pauler,cpaulernf@nsw.gov.au,Polygender,64.115.155.82
845,Sherri,Brundill,sbrundillng@umn.edu,Female,65.74.73.209
846,Rancell,Tolemache,rtolemachenh@webs.com,Male,175.80.172.167
847,Farr,Trobe,ftrobeni@accuweather.com,Male,230.63.193.185
848,Gerald,O'Carrol,gocarrolnj@ca.gov,Male,177.212.214.65
849,Juliette,Downe,jdownenk@miibeian.gov.cn,Female,135.85.208.241
850,Jakie,Cutteridge,jcutteridgenl@yellowpages.com,Male,174.86.60.200
851,Adi,Bavidge,abavidgenm@tripadvisor.com,Female,148.110.30.142
852,Tera,Kirkebye,tkirkebyenn@reuters.com,Female,187.206.151.154
853,Felipa,Greggor,fgreggorno@springer.com,Female,197.123.149.202
854,Rafaelia,Roebuck,rroebucknp@nature.com,Polygender,231.222.67.25
855,Kaleena,Gusticke,kgustickenq@digg.com,Female,126.65.173.125
856,Ursola,Lobell,ulobellnr@businessweek.com,Female,206.160.187.193
857,Florie,Avraam,favraamns@timesonline.co.uk,Female,149.196.195.12
858,Bernarr,Baytrop,bbaytropnt@technorati.com,Male,108.159.154.218
859,Malissia,Musico,mmusiconu@ibm.com,Female,179.74.107.90
860,Constantino,Drakers,cdrakersnv@unblog.fr,Male,194.126.224.102
861,Jojo,Copnar,jcopnarnw@artisteer.com,Female,34.127.9.12
862,Norbie,Guerreiro,nguerreironx@pagesperso-orange.fr,Genderqueer,68.226.67.45
863,Gavin,Dublin,gdublinny@icq.com,Male,184.42.252.150
864,Karel,Cadell,kcadellnz@shop-pro.jp,Female,20.122.32.32
865,Dorian,McElvine,dmcelvineo0@apple.com,Male,73.225.52.205
866,Cort,Skiggs,cskiggso1@pen.io,Male,113.1.99.209
867,Larine,Golson,lgolsono2@adobe.com,Female,209.242.91.78
868,Huberto,Heynen,hheyneno3@odnoklassniki.ru,Bigender,64.216.157.6
869,Talbot,Zoane,tzoaneo4@stumbleupon.com,Male,13.34.120.18
870,Kamilah,Pelham,kpelhamo5@sohu.com,Non-binary,39.195.85.124
871,Loralie,Karlqvist,lkarlqvisto6@aboutads.info,Female,103.170.253.231
872,Edythe,Paolo,epaoloo7@marketwatch.com,Female,236.26.216.56
873,Fenelia,Rigeby,frigebyo8@latimes.com,Female,221.130.27.13
874,Dorita,Fever,dfevero9@usatoday.com,Female,29.143.82.17
875,Lucie,Threadkell,lthreadkelloa@goo.ne.jp,Female,224.108.63.149
876,Jandy,Reucastle,jreucastleob@google.com.au,Female,227.68.210.127
877,Lorrie,Kneller,lknelleroc@hud.gov,Male,2.132.133.137
878,Tore,Gabler,tgablerod@arstechnica.com,Male,158.175.232.194
879,Vernice,Allibone,valliboneoe@rediff.com,Bigender,57.44.102.249
880,Titus,Goscomb,tgoscombof@google.nl,Male,234.80.227.125
881,Monte,Juza,mjuzaog@wired.com,Male,151.116.65.191
882,Bernard,Lechelle,blechelleoh@facebook.com,Male,215.190.210.173
883,Adolf,Moggle,amoggleoi@utexas.edu,Male,55.217.99.208
884,Brit,Guisot,bguisotoj@wisc.edu,Male,180.144.7.64
885,Edwina,Wyldbore,ewyldboreok@e-recht24.de,Non-binary,139.249.245.130
886,Henry,Faye,hfayeol@goo.gl,Male,122.218.117.210
887,Demetris,Kerbey,dkerbeyom@arizona.edu,Male,99.132.36.6
888,Jessamine,Baversor,jbaversoron@studiopress.com,Bigender,185.60.8.101
889,Rey,MacNair,rmacnairoo@psu.edu,Male,180.215.36.87
890,Rad,Dennes,rdennesop@thetimes.co.uk,Male,88.149.82.187
891,Suzanna,Beals,sbealsoq@pcworld.com,Female,20.192.227.62
892,Rustin,Healy,rhealyor@simplemachines.org,Male,137.0.96.144
893,Ronnica,Ferrea,rferreaos@cnet.com,Female,119.247.68.134
894,Brena,Joslin,bjoslinot@ifeng.com,Female,91.82.190.187
895,Tarrah,Tidgewell,ttidgewellou@hhs.gov,Female,74.67.12.243
896,Aggie,Debney,adebneyov@vk.com,Female,161.146.248.163
897,Amery,Castellet,acastelletow@oracle.com,Male,108.249.202.3
898,Catlee,Condit,cconditox@webnode.com,Female,184.85.116.203
899,Land,Pouck,lpouckoy@unesco.org,Male,38.92.245.31
900,Saxe,Locks,slocksoz@wordpress.com,Male,3.174.25.205
901,Kriste,Hammant,khammantp0@google.co.uk,Agender,29.246.61.91
902,Roi,Adriaan,radriaanp1@amazon.co.jp,Male,161.56.253.212
903,Thornton,Mc Caughen,tmccaughenp2@icq.com,Male,131.101.219.200
904,Lorrayne,Tremolieres,ltremolieresp3@irs.gov,Female,110.243.150.75
905,Kipper,Yanele,kyanelep4@blog.com,Male,60.8.191.151
906,Matteo,Reston,mrestonp5@salon.com,Male,83.162.203.41
907,Whitney,Littleton,wlittletonp6@howstuffworks.com,Female,101.71.20.202
908,Georgianna,Maddigan,gmaddiganp7@goo.ne.jp,Female,98.217.17.37
909,Euell,Handley,ehandleyp8@ifeng.com,Male,113.52.42.171
910,Tristan,Fallon,tfallonp9@1688.com,Male,66.62.254.166
911,Gale,Kynastone,gkynastonepa@photobucket.com,Male,87.176.88.73
912,Caty,Cammidge,ccammidgepb@economist.com,Female,71.94.147.125
913,Keely,Kubczak,kkubczakpc@ocn.ne.jp,Genderfluid,107.242.239.118
914,Eveleen,Johns,ejohnspd@dot.gov,Female,160.115.214.68
915,Clementius,Siburn,csiburnpe@fc2.com,Male,217.124.221.127
916,Joeann,Slessar,jslessarpf@utexas.edu,Female,238.30.81.140
917,Odell,Marshallsay,omarshallsaypg@woothemes.com,Male,42.142.68.62
918,Klaus,Dutch,kdutchph@artisteer.com,Male,29.180.106.20
919,Shela,Pill,spillpi@bandcamp.com,Female,82.93.3.214
920,Sabina,MacLeod,smacleodpj@freewebs.com,Female,170.216.141.216
921,Prent,Stife,pstifepk@cbslocal.com,Male,180.86.67.42
922,Phip,Shreenan,pshreenanpl@t-online.de,Male,81.12.45.121
923,Melba,Vanni,mvannipm@foxnews.com,Female,40.205.244.251
924,Irving,McIndoe,imcindoepn@histats.com,Male,197.237.25.240
925,Patsy,Ensten,penstenpo@engadget.com,Female,21.96.229.198
926,Vevay,Moine,vmoinepp@yahoo.com,Female,109.168.228.254
927,Alvan,Bigmore,abigmorepq@tmall.com,Male,247.241.244.52
928,Thomasin,Oattes,toattespr@chicagotribune.com,Female,74.88.192.148
929,Vanya,Harvard,vharvardps@gravatar.com,Male,240.126.246.116
930,Izzy,Realff,irealffpt@miitbeian.gov.cn,Male,113.213.145.149
931,Erasmus,Guislin,eguislinpu@e-recht24.de,Agender,150.101.66.121
932,Goran,Mayall,gmayallpv@infoseek.co.jp,Polygender,1.39.149.152
933,Vernen,Coultish,vcoultishpw@dell.com,Male,56.102.130.4
934,Anabelle,Chinnock,achinnockpx@blogs.com,Female,210.178.216.12
935,Evonne,Balasin,ebalasinpy@imdb.com,Female,154.205.44.73
936,Tamas,MacNelly,tmacnellypz@cafepress.com,Male,5.9.36.223
937,Zonnya,Feige,zfeigeq0@odnoklassniki.ru,Female,37.13.49.217
938,Taddeusz,Pryce,tpryceq1@sphinn.com,Male,39.6.51.51
939,Carmon,Crutchley,ccrutchleyq2@zdnet.com,Female,160.74.104.114
940,Derby,Dugget,dduggetq3@miibeian.gov.cn,Male,155.18.164.248
941,Weston,Lowder,wlowderq4@amazon.co.jp,Male,199.183.221.17
942,Betsy,Jochanany,bjochananyq5@joomla.org,Female,153.82.176.63
943,Raviv,Baszniak,rbaszniakq6@odnoklassniki.ru,Male,161.56.127.141
944,Armin,Thebe,athebeq7@disqus.com,Male,179.200.59.22
945,Gilberta,Lauret,glauretq8@whitehouse.gov,Female,190.35.78.228
946,Mirna,Tape,mtapeq9@illinois.edu,Female,107.64.203.93
947,Dru,Fiddyment,dfiddymentqa@arizona.edu,Female,29.253.124.190
948,Alejandro,Baroc,abarocqb@sphinn.com,Male,177.204.177.233
949,Even,Jenicek,ejenicekqc@google.com.br,Male,70.40.25.200
950,Amelita,Heys,aheysqd@vinaora.com,Female,57.212.235.146
951,Linnie,Newcomen,lnewcomenqe@springer.com,Female,118.154.187.220
952,Adey,Mollene,amolleneqf@godaddy.com,Female,114.146.44.101
953,Tades,Verrills,tverrillsqg@smh.com.au,Male,214.106.103.116
954,Herb,Divell,hdivellqh@nydailynews.com,Male,181.244.94.1
955,Kelli,Scoines,kscoinesqi@elpais.com,Female,230.248.227.7
956,Arielle,Jelk,ajelkqj@fda.gov,Genderfluid,143.243.130.68
957,Moreen,Rehm,mrehmqk@artisteer.com,Female,166.42.187.113
958,Muriel,MacCracken,mmaccrackenql@sogou.com,Female,104.0.79.5
959,Jacques,Reeves,jreevesqm@digg.com,Genderqueer,65.3.106.93
960,Lucais,Goldbourn,lgoldbournqn@posterous.com,Genderqueer,242.195.158.9
961,Brendis,Craythorn,bcraythornqo@imgur.com,Male,22.35.104.163
962,Annamarie,Spridgen,aspridgenqp@google.ru,Female,20.162.78.164
963,Geoffry,Jessope,gjessopeqq@rambler.ru,Male,237.122.237.205
964,Fax,Besnard,fbesnardqr@chronoengine.com,Male,42.53.132.101
965,Barty,Dunning,bdunningqs@stanford.edu,Polygender,79.121.175.121
966,Oliy,Hancox,ohancoxqt@spiegel.de,Female,53.208.0.104
967,Natassia,Zapata,nzapataqu@godaddy.com,Female,71.181.110.228
968,Wendall,Ovens,wovensqv@google.co.uk,Male,121.148.125.230
969,Bebe,Ivashnyov,bivashnyovqw@devhub.com,Female,125.102.24.7
970,Claudelle,Vasiltsov,cvasiltsovqx@hhs.gov,Female,25.7.163.208
971,Rosalinda,Rubury,rruburyqy@ucsd.edu,Female,229.183.255.185
972,Averill,Stivani,astivaniqz@geocities.com,Agender,34.249.140.8
973,Delila,Mabley,dmableyr0@i2i.jp,Female,151.190.34.246
974,Odelle,Witcombe,owitcomber1@blogspot.com,Female,75.217.157.88
975,Adrian,Adolf,aadolfr2@chron.com,Non-binary,171.29.204.26
976,Rita,Ricardet,rricardetr3@1688.com,Female,23.6.215.32
977,Timmy,Costley,tcostleyr4@arizona.edu,Female,89.88.193.217
978,Ichabod,Ruckman,iruckmanr5@yolasite.com,Male,144.141.3.0
979,Sarine,Crump,scrumpr6@thetimes.co.uk,Female,17.104.217.79
980,Kimberly,Saffon,ksaffonr7@github.com,Female,238.136.0.126
981,Vivyan,Kinset,vkinsetr8@google.de,Female,228.66.195.20
982,Orv,Di Nisco,odiniscor9@hc360.com,Polygender,155.112.111.56
983,Xavier,Lewtey,xlewteyra@elegantthemes.com,Male,50.7.184.91
984,Dougie,Adamoli,dadamolirb@joomla.org,Male,145.213.209.113
985,Dawn,Tassell,dtassellrc@istockphoto.com,Female,80.106.92.205
986,Antone,Downs,adownsrd@nature.com,Male,50.119.243.61
987,Freedman,Lackemann,flackemannre@pinterest.com,Male,56.113.105.244
988,Halette,Flowith,hflowithrf@issuu.com,Female,153.118.242.221
989,Margi,Addey,maddeyrg@java.com,Female,122.151.110.100
990,Roslyn,McIndrew,rmcindrewrh@theguardian.com,Female,239.242.197.86
991,Lon,Fuzzens,lfuzzensri@over-blog.com,Male,27.208.166.242
992,Dyana,Bufton,dbuftonrj@globo.com,Non-binary,124.94.167.34
993,Tricia,Lukacs,tlukacsrk@paginegialle.it,Non-binary,83.198.109.51
994,Kissie,Hansley,khansleyrl@examiner.com,Female,232.56.97.162
995,Darb,Idiens,didiensrm@japanpost.jp,Male,197.105.195.152
996,Miltie,Smeuin,msmeuinrn@discovery.com,Male,108.14.206.113
997,Germaine,Beare,gbearero@netscape.com,Agender,176.99.108.53
998,Billy,Ollarenshaw,bollarenshawrp@kickstarter.com,Female,145.133.43.250
999,Dion,Weekly,dweeklyrq@ftc.gov,Male,201.38.253.168
1000,Ursuline,Weldrick,uweldrickrr@opensource.org,Female,33.107.95.68
